{
    "model_name": "Linear Regression (Degree 2)",
    "model_type": "Linear Regression",
    "polynomial_degree": 2,
    "alpha": NaN,
    "test_r2": 0.9475661225288657,
    "test_rmse": 209.67516904877397,
    "cv_r2_mean": 0.9222083214034189,
    "cv_r2_std": 0.05763712913852745,
    "balance_score": 0.008286619845581322,
    "training_date": "2025-10-30 01:27:47",
    "training_samples": 175,
    "feature_names": [
        "Luas_Tanah",
        "Luas_Bangunan",
        "Jarak_ke_Pusat_Kota",
        "Jumlah_Kamar_Tidur",
        "Umur_Bangunan"
    ]
}